<metadata>
	<idinfo>
		<citation>
			<citeinfo>
				<origin>Minnesota Population Center</origin>
				<pubdate>2007/12/31</pubdate>
				<title>Historic US Census Voting District Boundaries,  1990</title>
				<geoform>digital map</geoform>
				<pubinfo>
					<pubplace>Minneapolis, Minnesota</pubplace>
					<publish>Minnesota Population Center</publish>
				</pubinfo>
				<onlink>http://www.nhgis.org</onlink>
				<lworkcit>
				</lworkcit>
			</citeinfo>
		</citation>
		<descript>
			<abstract>This boundary file contains historic census Voting District boundaries for which the U.S. Census Bureau tabulated data and was produced by the Minnesota Population Center as part of the National Historical Geographic Information System (NHGIS) Continuation project. The NHGIS is an National Science Foundation-sponsored project (Grant No. BCS0648045) to supplement the digital spatial-temporal database created during NHGIS. The available shapefiles on the NHGIS site represent version 2.0 of historical US boundary files representing various geographic entities for the 1790-2000 censuses.  These electronic census boundary files were created from TIGER/Line 1992 file.   The boundary files have been checked against currently available historical census aggregate data.</abstract>
			<purpose>These data are based upon work supported by the National Science Foundation under Grant No.  BCS0648045 . NHGIS continuation grant has two major objectives:  First, to add geographic levels to NHGIS files for 1980-2000.  The new NHGIS geographies willl include block, place, enumeration district, congressional district, and Zip Code Talulation Areas.  These new in addition to previously released geographic levels will then be syncrhonized to align with the revised TIGER/Line files.  Second, the American Community Survey will be incorporated into the NHGIS.  

The release of these data partially completes the first objective of the NHGIS-continuation grant.  These files will be re-released when conflated with the newly updated TIGER file.  </purpose>
			<supplinf>Voting district (VTD) is a generic term adopted by the Bureau of the Census to include the wide variety of small polling areas, such as election districts, precincts, or wards, that State and local governments create for the purpose of administering elections. Some States also use groupings of these entities to define their State and local legislative districts, as well as the districts they define for election of members to the U.S. House of Representatives. In a nationwide cooperative program for the 1980 census, the Census Bureau gave States the opportunity to request use of these election precinct boundaries as the boundaries of census enumeration districts (EDs) or, in some areas, census blocks. </supplinf>
		</descript>
		<timeperd>
			<timeinfo>
				<sngdate>
				</sngdate>
				<sngdate>
				</sngdate>
				<sngdate>
				</sngdate>
				<sngdate>
				</sngdate>
				<sngdate>
				</sngdate>
				<sngdate>
				</sngdate>
				<sngdate>
				</sngdate>
				<sngdate>
				</sngdate>
				<sngdate>
				</sngdate>
				<sngdate>
				</sngdate>
			</timeinfo>
			<current>publication date</current>
		</timeperd>
		<status>
			<progress>In work</progress>
			<update>As work is completed</update>
		</status>
		<spdom>
			<bounding>
				<westbc>
-97.239209</westbc>
				<eastbc>
-89.49163799</eastbc>
				<northbc>
49.384358</northbc>
				<southbc>
43.499356</southbc>
			</bounding>
		</spdom>
		<keywords>
			<theme>
				<themekt>None</themekt>
				<themekey>historical</themekey>
				<themekey>census of population and housing</themekey>
				<themekey>tracts</themekey>
				<themekey>census boundaries</themekey>
				<themekey>census geography</themekey>
				<themekey>census data</themekey>
				<themekey>population</themekey>
				<themekey>housing</themekey>
			</theme>
			<place>
				<placekt>None</placekt>
			</place>
			<temporal>
				<tempkt>None</tempkt>
			</temporal>
		</keywords>
		<accconst>All persons are granted a limited license to use and distribute this documentation and the available data, subject to the use constraints.</accconst>
		<useconst>This dataset was produced with an intended application at the city, county, metropolitan, or state/territory level. Appropriate uses include thematic mapping of census data and spatial analysis of census data.   If these data are altered or incorporated into another dataset, they are not to be redistributed without also: altering the name of the dataset, including a Content Standars for Digital Geospatial Metadata (FGDC-STD-001-1998) compliant metadata file that describes the dataset and reflects the alteration steps that makes the new dataset different from this one, and citing this dataset in the metadata as a source for the altered dataset using the source citation specified below.  

If these digital data are used in the production of a report or in the compilation of a standalone printed map, then this dataset is to be cited in the report or on the map using the source citation specified below.  The following source citation should be used when citing this dataset: 

Minnesota Population Center. National Historical Geographic Information System:  Version 2.0.  Minneapolis, MN:  University of Minnesota 2007.  

 No fee may be charged for use or distribution. Publications and research reports based on the database must cite it appropriately. Users are requested to send a copy of any publications, research reports, or educational material making use of the data or documentation. Printed matter should be sent to:  NHGIS  Minnesota Population Center University of Minnesota 50 Willey Hall 225 19th Avenue South Minneapolis, MN 55455</useconst>
		<ptcontac>
			<cntinfo>
				<cntperp>
					<cntper>Petra Noble</cntper>
					<cntorg>Minnesota Population Center</cntorg>
				</cntperp>
				<cntpos>Research Fellow</cntpos>
				<cntaddr>
					<addrtype>physical address</addrtype>
					<address>50 Willey Hall</address>
					<address>225 19th Ave S</address>
					<city>Minneapolis</city>
					<state>Minnesota</state>
					<postal>55455</postal>
					<country>USA</country>
				</cntaddr>
				<cntvoice>612-625-7375</cntvoice>
				<cntemail>nhgis@pop.umn.edu</cntemail>
			</cntinfo>
		</ptcontac>
		<native>This dataset was produced on a computer system running Windows XP, using ArcGIS software. Final processing was performed with ArcGIS 9.2.</native>
	</idinfo>
	<dataqual>
		<attracc>
			<attraccr>All attributes in this boundary file were checked against attributes in the available aggregate data to ensure accuracy and consistency. The boundary file may contain more or fewer geographic entities than the aggregate data file. Sources for the boundary files sometimes depicted geographic areas that were not listed in the aggregate data file.  Sometimes, the aggregate data files contains records for geographic areas that are not mappable (e.g. geographic entities representing water off of coastal areas).</attraccr>
		</attracc>
		<complete>The geographic areas represented in version 2.0 release have a matching record in the aggregate data files.  Some geographic areas, however, do not have a matching aggregate data record.   Additionally, some records in the aggregate data files could not be mapped because they are not represented in the boundary file.  

Version 2.0 boundary files have not been generalized, and geographic areas containing parts of the following bodies of water do not have historically accurate coastlines: the Great Lakes, Atlantic Ocean, Pacific Ocean, and the Gulf of Mexico.  No geographic areas overlap and any polygon belongs to one and only one unique geographic entity.  Every geographic entity has a FIPS-like code (GISJOIN) that uniquely identifies it.  The aggregate data file contains a matching code (GISJOIN) so that the files can be easily joined together.

</complete>
		<posacc>
			<horizpa>
				<horizpar>The horizontal positional accuracy of the source data is derived from TIGER 1992. The boundaries representing the geographic entity was taken directly from the TIGER/Line file - no hand editing was done to the file.</horizpar>
			</horizpa>
		</posacc>
		<lineage>
			<srcinfo>
				<srccite>
					<citeinfo>
						<origin>U.S. Census Bureau</origin>
						<pubdate>1994</pubdate>
						<title>TIGER/Line 1992: the coast-to-coast digital map database</title>
						<pubinfo>
							<pubplace>Washington D.C.</pubplace>
							<publish>U.S. Census Bureau, Data User Services Division</publish>
						</pubinfo>
					</citeinfo>
				</srccite>
				<srcscale>various</srcscale>
				<typesrc>digital tape media</typesrc>
			</srcinfo>
			<srcinfo>
				<srccite>
					<citeinfo>
						<origin>U.S. Census Bureau</origin>
						<pubdate>2000</pubdate>
						<title>1992 TIGER/Line files [machine-readable data files].</title>
						<pubinfo>
							<pubplace>Washington D.C.</pubplace>
							<publish>U.S. Government Printing Office</publish>
						</pubinfo>
					</citeinfo>
				</srccite>
				<srcscale>various</srcscale>
				<typesrc>online</typesrc>
			</srcinfo>
			<procstep><procdesc>Used an AML script to create 1980 census features from the TIGER/Line 1992 files. These features were tiled by county because we had a TIGER/Line 1992 file for each county in the United States.</procdesc><procsv>ArcGIS 9.2</procsv></procstep><procstep><procdesc>For any given Census feature, we converted the county-wide coverage to a shapefile and then appended together all counties in a state to create a state-wide shapefile.</procdesc><procsv>ArcGIS 9.2</procsv></procstep><procstep><procdesc>Projected each state-wide shapefile to Albers Equal Area - Lambert Conformal Conic.</procdesc><procsv>ArcGIS 9.2</procsv></procstep><procstep><procdesc>Used the coastline we developed for the historic census tracts and counties clipped out the water from the state-wide shapefiles that border the Gulf of Mexico, the Atlantic Ocean, the Pacific Ocean, or the Great Lakes.
</procdesc><procsv>ArcGIS 9.2</procsv></procstep><procstep><procdesc>Converted integer fields to text fields.</procdesc><procsv>ArcGIS 9.2</procsv></procstep><procstep><procdesc>Created the GISJOIN attribute in the shapefile. This GISJOIN attribute should be used to join attribute data obtained from the NHGIS website to the shapefile.</procdesc><procsv>ArcGIS 9.2</procsv></procstep><procstep><procdesc>Appended state-wide shapefiles (except for blocks and block groups - these are available at the state level) together to create a nation-wide shapefile.</procdesc><procsv>ArcGIS 9.2</procsv></procstep><procstep><procdesc>For census features that do not nest within counties or states (e.g., places, American Indian areas, etc.), we dissolved the nationwide shapefiles to create the actual features.</procdesc><procsv>ArcGIS 9.2</procsv></procstep><procstep><procdesc>Used ArcCatalog's metadata tools to write FGDC-compliant metadata.</procdesc><procsv>ArcGIS 9.2</procsv></procstep></lineage>
	</dataqual>
	<spdoinfo>
		<direct>Vector</direct>
		<ptvctinf><esriterm Name="VA_1936"><efeatyp Sync="TRUE">Simple</efeatyp><efeageom code="4" Sync="TRUE"></efeageom><esritopo Sync="TRUE">FALSE</esritopo><efeacnt Sync="TRUE">0</efeacnt><spindex Sync="TRUE">FALSE</spindex><linrefer Sync="TRUE">TRUE</linrefer></esriterm></ptvctinf></spdoinfo>
	<spref>
		<horizsys>
			<planar>
				<planci>
					<plance>coordinate pair</plance>
					<coordrep>
						<absres>0.000000</absres>
						<ordres>0.000000</ordres>
					</coordrep>
					<plandu>meters</plandu>
				</planci>
			</planar>
			<geodetic>
				<horizdn>North American Datum of 1983</horizdn>
				<ellips>GRS1980</ellips>
				<semiaxis>6378206.4</semiaxis>
				<denflat>294.98</denflat>
			</geodetic>
			<cordsysn><projcsn>Albers Equal Area Conic</projcsn></cordsysn></horizsys>
	</spref>
	<eainfo>
		<detailed Name="VA_1936">
			<enttyp><enttypl Sync="TRUE">VA_1936</enttypl><enttypt Sync="TRUE">Feature Class</enttypt><enttypc Sync="TRUE">0</enttypc></enttyp><attr><attrlabl Sync="TRUE">FID</attrlabl><attalias Sync="TRUE">FID</attalias><attrtype Sync="TRUE">OID</attrtype><attwidth Sync="TRUE">4</attwidth><atprecis Sync="TRUE">0</atprecis><attscale Sync="TRUE">0</attscale><attrdef Sync="TRUE">Internal feature number.</attrdef><attrdefs Sync="TRUE">Esri</attrdefs><attrdomv><udom Sync="TRUE">Sequential unique whole numbers that are automatically generated.</udom></attrdomv></attr><attr><attrlabl Sync="TRUE">Shape</attrlabl><attalias Sync="TRUE">Shape</attalias><attrtype Sync="TRUE">Geometry</attrtype><attwidth Sync="TRUE">0</attwidth><atprecis Sync="TRUE">0</atprecis><attscale Sync="TRUE">0</attscale><attrdef Sync="TRUE">Feature geometry.</attrdef><attrdefs Sync="TRUE">Esri</attrdefs><attrdomv><udom Sync="TRUE">Coordinates defining the features.</udom></attrdomv></attr><attr><attrlabl Sync="TRUE">NAME</attrlabl><attalias Sync="TRUE">NAME</attalias><attrtype Sync="TRUE">String</attrtype><attwidth Sync="TRUE">66</attwidth><atprecis Sync="TRUE">0</atprecis><attscale Sync="TRUE">0</attscale></attr><attr><attrlabl Sync="TRUE">DVOTE</attrlabl><attalias Sync="TRUE">DVOTE</attalias><attrtype Sync="TRUE">Double</attrtype><attwidth Sync="TRUE">19</attwidth><atprecis Sync="TRUE">0</atprecis><attscale Sync="TRUE">0</attscale></attr><attr><attrlabl Sync="TRUE">RVOTE</attrlabl><attalias Sync="TRUE">RVOTE</attalias><attrtype Sync="TRUE">Double</attrtype><attwidth Sync="TRUE">19</attwidth><atprecis Sync="TRUE">0</atprecis><attscale Sync="TRUE">0</attscale></attr><attr><attrlabl Sync="TRUE">TOTAL</attrlabl><attalias Sync="TRUE">TOTAL</attalias><attrtype Sync="TRUE">Double</attrtype><attwidth Sync="TRUE">19</attwidth><atprecis Sync="TRUE">0</atprecis><attscale Sync="TRUE">0</attscale></attr><attr><attrlabl Sync="TRUE">PDEM</attrlabl><attalias Sync="TRUE">PDEM</attalias><attrtype Sync="TRUE">Double</attrtype><attwidth Sync="TRUE">19</attwidth><atprecis Sync="TRUE">0</atprecis><attscale Sync="TRUE">0</attscale></attr><attr><attrlabl Sync="TRUE">PREP</attrlabl><attalias Sync="TRUE">PREP</attalias><attrtype Sync="TRUE">Double</attrtype><attwidth Sync="TRUE">19</attwidth><atprecis Sync="TRUE">0</atprecis><attscale Sync="TRUE">0</attscale></attr><attr><attrlabl Sync="TRUE">MARGIN</attrlabl><attalias Sync="TRUE">MARGIN</attalias><attrtype Sync="TRUE">Double</attrtype><attwidth Sync="TRUE">19</attwidth><atprecis Sync="TRUE">0</atprecis><attscale Sync="TRUE">0</attscale></attr><attr><attrlabl Sync="TRUE">District</attrlabl><attalias Sync="TRUE">District</attalias><attrtype Sync="TRUE">String</attrtype><attwidth Sync="TRUE">254</attwidth><atprecis Sync="TRUE">0</atprecis><attscale Sync="TRUE">0</attscale></attr><attr><attrlabl Sync="TRUE">County</attrlabl><attalias Sync="TRUE">County</attalias><attrtype Sync="TRUE">String</attrtype><attwidth Sync="TRUE">254</attwidth><atprecis Sync="TRUE">0</atprecis><attscale Sync="TRUE">0</attscale></attr><attr><attrlabl Sync="TRUE">Shape_Leng</attrlabl><attalias Sync="TRUE">Shape_Leng</attalias><attrtype Sync="TRUE">Double</attrtype><attwidth Sync="TRUE">19</attwidth><atprecis Sync="TRUE">0</atprecis><attscale Sync="TRUE">0</attscale></attr><attr><attrlabl Sync="TRUE">Shape_Area</attrlabl><attalias Sync="TRUE">Shape_Area</attalias><attrtype Sync="TRUE">Double</attrtype><attwidth Sync="TRUE">19</attwidth><atprecis Sync="TRUE">0</atprecis><attscale Sync="TRUE">0</attscale><attrdef Sync="TRUE">Area of feature in internal units squared.</attrdef><attrdefs Sync="TRUE">Esri</attrdefs><attrdomv><udom Sync="TRUE">Positive real numbers that are automatically generated.</udom></attrdomv></attr></detailed>
		<overview>
			<eaover>The most important attribute in this shapefile is GISJOIN because it provides the link between the shapefile and the aggregate data files. Any aggregate data file obtained through the NHGIS data access system will contain a GISJOIN attribute. Use this attribute to link the data with the shapefile for mapping purposes. Please note that values in GISJOIN begin with "G" in order to retain leading zeros. This update took effect on May 7, 2008.

Attribute GISJOIN2 is an alternative linking attribute. GISJOIN2 is similar to GISJOIN except that its values do not begin with "G". GISJOIN2 may be used when linking to an aggregate data file extracted before May 7, 2008.</eaover>
		</overview>
	</eainfo>
	<distinfo>
		<resdesc>Downloadable Data</resdesc>
		<stdorder>
			<digform>
				<digtinfo>
					<transize>2.993</transize>
				</digtinfo>
			</digform>
		</stdorder>
	</distinfo>
	<metainfo>
		<metd>2007/12/18</metd>
		<metrd>2007/12/18</metrd>
		<metfrd>As necessary</metfrd>
		<metc>
			<cntinfo>
				<cntorgp>
					<cntorg>Minnesota Population Center</cntorg>
					<cntper>Petra Noble</cntper>
				</cntorgp>
				<cntaddr>
					<address>50 Willey Hall</address>
					<address>225 19th Avenue South</address>
					<city>Minneapolis</city>
					<state>Minnesota</state>
					<postal>55455</postal>
					<country>USA</country>
				</cntaddr>
				<cntvoice>612-625-7375</cntvoice>
				<cntemail>nhgis@pop.umn.edu</cntemail>
			</cntinfo>
		</metc>
		<metstdn>FGDC Standards for Digital Geospatial Metadata</metstdn>
		<metstdv>FGDC-STD-001-1998</metstdv>
		<mettc>local time</mettc>
		<metextns>
			<onlink>http://www.esri.com/metadata/esriprof80.html</onlink>
			<metprof>ESRI Metadata Profile</metprof>
		</metextns>
	</metainfo>
	<Esri><ModDate>20250108</ModDate><ModTime>01021100</ModTime><DataProperties><lineage><Process ToolSource="c:\program files (x86)\arcgis\desktop10.1\ArcToolbox\Toolboxes\Data Management Tools.tbx\Append" Date="20130507" Time="081424">Append G:\data_projects\istads\shape_processing\AK_votedist_1990.shp;G:\data_projects\istads\shape_processing\HI_votedist_1990.shp G:\data_projects\istads\shape_processing\US_votedist_1990.shp NO_TEST "STATE80 "STATE80" true false false 2 Text 0 0 ,First,#,G:\data_projects\istads\shape_processing\AK_votedist_1990.shp,STATE80,-1,-1,G:\data_projects\istads\shape_processing\HI_votedist_1990.shp,STATE80,-1,-1;COUNTY80 "COUNTY80" true false false 3 Text 0 0 ,First,#,G:\data_projects\istads\shape_processing\AK_votedist_1990.shp,COUNTY80,-1,-1,G:\data_projects\istads\shape_processing\HI_votedist_1990.shp,COUNTY80,-1,-1;VTD90 "VTD90" true false false 6 Text 0 0 ,First,#,G:\data_projects\istads\shape_processing\AK_votedist_1990.shp,VTD90,-1,-1,G:\data_projects\istads\shape_processing\HI_votedist_1990.shp,VTD90,-1,-1;NAME "NAME" true false false 66 Text 0 0 ,First,#,G:\data_projects\istads\shape_processing\AK_votedist_1990.shp,NAME,-1,-1,G:\data_projects\istads\shape_processing\HI_votedist_1990.shp,NAME,-1,-1;GISJOIN "GISJOIN" true false false 10 Text 0 0 ,First,#,G:\data_projects\istads\shape_processing\AK_votedist_1990.shp,GISJOIN,-1,-1,G:\data_projects\istads\shape_processing\HI_votedist_1990.shp,GISJOIN,-1,-1;GISJOIN2 "GISJOIN2" true false false 9 Text 0 0 ,First,#,G:\data_projects\istads\shape_processing\AK_votedist_1990.shp,GISJOIN2,-1,-1,G:\data_projects\istads\shape_processing\HI_votedist_1990.shp,GISJOIN2,-1,-1" #</Process><Process ToolSource="c:\program files\arcgis\pro\Resources\ArcToolbox\toolboxes\Conversion Tools.tbx\ExportFeatures" Date="20240303" Time="013916">ExportFeatures US_votedist_1990 "D:\Arc projects 2022_23\Projects\VA1981\VA1981.gdb\US_VA_1990" # NOT_USE_ALIAS "STATE80 "STATE80" true true false 2 Text 0 0,First,#,US_votedist_1990,STATE80,0,1;COUNTY80 "COUNTY80" true true false 3 Text 0 0,First,#,US_votedist_1990,COUNTY80,0,2;VTD90 "VTD90" true true false 6 Text 0 0,First,#,US_votedist_1990,VTD90,0,5;NAME "NAME" true true false 66 Text 0 0,First,#,US_votedist_1990,NAME,0,65;GISJOIN "GISJOIN" true true false 10 Text 0 0,First,#,US_votedist_1990,GISJOIN,0,9;GISJOIN2 "GISJOIN2" true true false 9 Text 0 0,First,#,US_votedist_1990,GISJOIN2,0,8" #</Process><Process ToolSource="c:\program files\arcgis\pro\Resources\ArcToolbox\toolboxes\Data Management Tools.tbx\UpdateSchema" Date="20240303" Time="013947">UpdateSchema "CIMDATA=&lt;CIMStandardDataConnection xsi:type='typens:CIMStandardDataConnection' xmlns:xsi='http://www.w3.org/2001/XMLSchema-instance' xmlns:xs='http://www.w3.org/2001/XMLSchema' xmlns:typens='http://www.esri.com/schemas/ArcGIS/3.2.0'&gt;&lt;WorkspaceConnectionString&gt;DATABASE=D:\Arc projects 2022_23\Projects\VA1981\VA1981.gdb&lt;/WorkspaceConnectionString&gt;&lt;WorkspaceFactory&gt;FileGDB&lt;/WorkspaceFactory&gt;&lt;Dataset&gt;US_VA_1990&lt;/Dataset&gt;&lt;DatasetType&gt;esriDTFeatureClass&lt;/DatasetType&gt;&lt;/CIMStandardDataConnection&gt;" &lt;operationSequence&gt;&lt;workflow&gt;&lt;AddField&gt;&lt;field_name&gt;DEM&lt;/field_name&gt;&lt;field_type&gt;TEXT&lt;/field_type&gt;&lt;field_length&gt;255&lt;/field_length&gt;&lt;field_is_nullable&gt;True&lt;/field_is_nullable&gt;&lt;field_is_required&gt;False&lt;/field_is_required&gt;&lt;/AddField&gt;&lt;/workflow&gt;&lt;workflow&gt;&lt;AddField&gt;&lt;field_name&gt;REP&lt;/field_name&gt;&lt;field_type&gt;TEXT&lt;/field_type&gt;&lt;field_length&gt;255&lt;/field_length&gt;&lt;field_is_nullable&gt;True&lt;/field_is_nullable&gt;&lt;field_is_required&gt;False&lt;/field_is_required&gt;&lt;/AddField&gt;&lt;/workflow&gt;&lt;workflow&gt;&lt;AddField&gt;&lt;field_name&gt;PDEM&lt;/field_name&gt;&lt;field_type&gt;DOUBLE&lt;/field_type&gt;&lt;field_is_nullable&gt;True&lt;/field_is_nullable&gt;&lt;field_is_required&gt;False&lt;/field_is_required&gt;&lt;/AddField&gt;&lt;/workflow&gt;&lt;workflow&gt;&lt;AddField&gt;&lt;field_name&gt;PREP&lt;/field_name&gt;&lt;field_type&gt;DOUBLE&lt;/field_type&gt;&lt;field_is_nullable&gt;True&lt;/field_is_nullable&gt;&lt;field_is_required&gt;False&lt;/field_is_required&gt;&lt;/AddField&gt;&lt;/workflow&gt;&lt;workflow&gt;&lt;AddField&gt;&lt;field_name&gt;MARGIN&lt;/field_name&gt;&lt;field_type&gt;DOUBLE&lt;/field_type&gt;&lt;field_is_nullable&gt;True&lt;/field_is_nullable&gt;&lt;field_is_required&gt;False&lt;/field_is_required&gt;&lt;/AddField&gt;&lt;/workflow&gt;&lt;/operationSequence&gt;</Process><Process ToolSource="c:\program files\arcgis\pro\Resources\ArcToolbox\toolboxes\Conversion Tools.tbx\ExportFeatures" Date="20240303" Time="193623">ExportFeatures "US_VA_1990 selection" "D:\Arc projects 2022_23\Projects\VA1976\VA1976.gdb\Fairfax" # NOT_USE_ALIAS "STATE80 "STATE80" true true false 2 Text 0 0,First,#,US_VA_1990 selection,STATE80,0,1;COUNTY80 "COUNTY80" true true false 3 Text 0 0,First,#,US_VA_1990 selection,COUNTY80,0,2;VTD90 "VTD90" true true false 6 Text 0 0,First,#,US_VA_1990 selection,VTD90,0,5;NAME "NAME" true true false 66 Text 0 0,First,#,US_VA_1990 selection,NAME,0,65;GISJOIN "GISJOIN" true true false 10 Text 0 0,First,#,US_VA_1990 selection,GISJOIN,0,9;GISJOIN2 "GISJOIN2" true true false 9 Text 0 0,First,#,US_VA_1990 selection,GISJOIN2,0,8;Shape_Length "Shape_Length" false true true 8 Double 0 0,First,#,US_VA_1990 selection,Shape_Length,-1,-1;Shape_Area "Shape_Area" false true true 8 Double 0 0,First,#,US_VA_1990 selection,Shape_Area,-1,-1;DEM "DEM" true true false 255 Text 0 0,First,#,US_VA_1990 selection,DEM,0,254;REP "REP" true true false 255 Text 0 0,First,#,US_VA_1990 selection,REP,0,254;PDEM "PDEM" true true false 8 Double 0 0,First,#,US_VA_1990 selection,PDEM,-1,-1;PREP "PREP" true true false 8 Double 0 0,First,#,US_VA_1990 selection,PREP,-1,-1;MARGIN "MARGIN" true true false 8 Double 0 0,First,#,US_VA_1990 selection,MARGIN,-1,-1" #</Process><Process ToolSource="c:\program files\arcgis\pro\Resources\ArcToolbox\toolboxes\Data Management Tools.tbx\Merge" Date="20240303" Time="203346">Merge Fairfax;Arlington "D:\Arc projects 2022_23\Projects\VA1976\VA1976.gdb\Fairfax_Merge" "STATE80 "STATE80" true true false 2 Text 0 0,First,#,Fairfax,STATE80,0,1,Arlington,STATE80,0,1;COUNTY80 "COUNTY80" true true false 3 Text 0 0,First,#,Fairfax,COUNTY80,0,2,Arlington,COUNTY80,0,2;VTD90 "VTD90" true true false 6 Text 0 0,First,#,Fairfax,VTD90,0,5,Arlington,VTD90,0,5;NAME "NAME" true true false 66 Text 0 0,First,#,Fairfax,NAME,0,65,Arlington,NAME,0,65;GISJOIN "GISJOIN" true true false 10 Text 0 0,First,#,Fairfax,GISJOIN,0,9,Arlington,GISJOIN,0,9;GISJOIN2 "GISJOIN2" true true false 9 Text 0 0,First,#,Fairfax,GISJOIN2,0,8,Arlington,GISJOIN2,0,8;DEM "DEM" true true false 255 Text 0 0,First,#,Fairfax,DEM,0,254,Arlington,DEM,0,254;REP "REP" true true false 255 Text 0 0,First,#,Fairfax,REP,0,254,Arlington,REP,0,254;PDEM "PDEM" true true false 8 Double 0 0,First,#,Fairfax,PDEM,-1,-1,Arlington,PDEM,-1,-1;PREP "PREP" true true false 8 Double 0 0,First,#,Fairfax,PREP,-1,-1,Arlington,PREP,-1,-1;MARGIN "MARGIN" true true false 8 Double 0 0,First,#,Fairfax,MARGIN,-1,-1,Arlington,MARGIN,-1,-1;Shape_Length "Shape_Length" false true true 8 Double 0 0,First,#,Fairfax,Shape_Length,-1,-1,Arlington,Shape_Length,-1,-1;Shape_Area "Shape_Area" false true true 8 Double 0 0,First,#,Fairfax,Shape_Area,-1,-1,Arlington,Shape_Area,-1,-1" NO_SOURCE_INFO</Process><Process ToolSource="c:\program files\arcgis\pro\Resources\ArcToolbox\toolboxes\Data Management Tools.tbx\UpdateSchema" Date="20240303" Time="203512">UpdateSchema "CIMDATA=&lt;CIMStandardDataConnection xsi:type='typens:CIMStandardDataConnection' xmlns:xsi='http://www.w3.org/2001/XMLSchema-instance' xmlns:xs='http://www.w3.org/2001/XMLSchema' xmlns:typens='http://www.esri.com/schemas/ArcGIS/3.2.0'&gt;&lt;WorkspaceConnectionString&gt;DATABASE=D:\Arc projects 2022_23\Projects\VA1976\VA1976.gdb&lt;/WorkspaceConnectionString&gt;&lt;WorkspaceFactory&gt;FileGDB&lt;/WorkspaceFactory&gt;&lt;Dataset&gt;Fairfax_Merge&lt;/Dataset&gt;&lt;DatasetType&gt;esriDTFeatureClass&lt;/DatasetType&gt;&lt;/CIMStandardDataConnection&gt;" &lt;operationSequence&gt;&lt;workflow&gt;&lt;AddField&gt;&lt;field_name&gt;TOTAL&lt;/field_name&gt;&lt;field_type&gt;TEXT&lt;/field_type&gt;&lt;field_length&gt;255&lt;/field_length&gt;&lt;field_is_nullable&gt;True&lt;/field_is_nullable&gt;&lt;field_is_required&gt;False&lt;/field_is_required&gt;&lt;/AddField&gt;&lt;/workflow&gt;&lt;/operationSequence&gt;</Process><Process ToolSource="c:\program files\arcgis\pro\Resources\ArcToolbox\toolboxes\Data Management Tools.tbx\CalculateField" Date="20240303" Time="203524">CalculateField Fairfax_Merge TOTAL "!DEM! + !REP!" Python # Text NO_ENFORCE_DOMAINS</Process><Process ToolSource="c:\program files\arcgis\pro\Resources\ArcToolbox\toolboxes\Data Management Tools.tbx\DeleteField" Date="20240303" Time="203537">DeleteField Fairfax_Merge TOTAL "Delete Fields"</Process><Process ToolSource="c:\program files\arcgis\pro\Resources\ArcToolbox\toolboxes\Data Management Tools.tbx\UpdateSchema" Date="20240303" Time="203758">UpdateSchema "CIMDATA=&lt;CIMStandardDataConnection xsi:type='typens:CIMStandardDataConnection' xmlns:xsi='http://www.w3.org/2001/XMLSchema-instance' xmlns:xs='http://www.w3.org/2001/XMLSchema' xmlns:typens='http://www.esri.com/schemas/ArcGIS/3.2.0'&gt;&lt;WorkspaceConnectionString&gt;DATABASE=D:\Arc projects 2022_23\Projects\VA1976\VA1976.gdb&lt;/WorkspaceConnectionString&gt;&lt;WorkspaceFactory&gt;FileGDB&lt;/WorkspaceFactory&gt;&lt;Dataset&gt;Fairfax_Merge&lt;/Dataset&gt;&lt;DatasetType&gt;esriDTFeatureClass&lt;/DatasetType&gt;&lt;/CIMStandardDataConnection&gt;" &lt;operationSequence&gt;&lt;workflow&gt;&lt;AddField&gt;&lt;field_name&gt;Total&lt;/field_name&gt;&lt;field_type&gt;DOUBLE&lt;/field_type&gt;&lt;field_is_nullable&gt;True&lt;/field_is_nullable&gt;&lt;field_is_required&gt;False&lt;/field_is_required&gt;&lt;/AddField&gt;&lt;/workflow&gt;&lt;/operationSequence&gt;</Process><Process ToolSource="c:\program files\arcgis\pro\Resources\ArcToolbox\toolboxes\Data Management Tools.tbx\CalculateField" Date="20240303" Time="203804">CalculateField Fairfax_Merge Total "!DEM! + !REP!" Python # Text NO_ENFORCE_DOMAINS</Process><Process ToolSource="c:\program files\arcgis\pro\Resources\ArcToolbox\toolboxes\Data Management Tools.tbx\UpdateSchema" Date="20240303" Time="204003">UpdateSchema "CIMDATA=&lt;CIMStandardDataConnection xsi:type='typens:CIMStandardDataConnection' xmlns:xsi='http://www.w3.org/2001/XMLSchema-instance' xmlns:xs='http://www.w3.org/2001/XMLSchema' xmlns:typens='http://www.esri.com/schemas/ArcGIS/3.2.0'&gt;&lt;WorkspaceConnectionString&gt;DATABASE=D:\Arc projects 2022_23\Projects\VA1976\VA1976.gdb&lt;/WorkspaceConnectionString&gt;&lt;WorkspaceFactory&gt;FileGDB&lt;/WorkspaceFactory&gt;&lt;Dataset&gt;Fairfax_Merge&lt;/Dataset&gt;&lt;DatasetType&gt;esriDTFeatureClass&lt;/DatasetType&gt;&lt;/CIMStandardDataConnection&gt;" &lt;operationSequence&gt;&lt;workflow&gt;&lt;AddField&gt;&lt;field_name&gt;carter&lt;/field_name&gt;&lt;field_type&gt;DOUBLE&lt;/field_type&gt;&lt;field_is_nullable&gt;True&lt;/field_is_nullable&gt;&lt;field_is_required&gt;False&lt;/field_is_required&gt;&lt;/AddField&gt;&lt;/workflow&gt;&lt;workflow&gt;&lt;AddField&gt;&lt;field_name&gt;ford&lt;/field_name&gt;&lt;field_type&gt;DOUBLE&lt;/field_type&gt;&lt;field_is_nullable&gt;True&lt;/field_is_nullable&gt;&lt;field_is_required&gt;False&lt;/field_is_required&gt;&lt;/AddField&gt;&lt;/workflow&gt;&lt;/operationSequence&gt;</Process><Process ToolSource="c:\program files\arcgis\pro\Resources\ArcToolbox\toolboxes\Data Management Tools.tbx\CalculateField" Date="20240303" Time="204846">CalculateField Fairfax_Merge Total "!carter! + !ford!" Python # Text NO_ENFORCE_DOMAINS</Process><Process ToolSource="c:\program files\arcgis\pro\Resources\ArcToolbox\toolboxes\Data Management Tools.tbx\DeleteField" Date="20240303" Time="204854">DeleteField Fairfax_Merge Total "Delete Fields"</Process><Process ToolSource="c:\program files\arcgis\pro\Resources\ArcToolbox\toolboxes\Data Management Tools.tbx\UpdateSchema" Date="20240303" Time="204906">UpdateSchema "CIMDATA=&lt;CIMStandardDataConnection xsi:type='typens:CIMStandardDataConnection' xmlns:xsi='http://www.w3.org/2001/XMLSchema-instance' xmlns:xs='http://www.w3.org/2001/XMLSchema' xmlns:typens='http://www.esri.com/schemas/ArcGIS/3.2.0'&gt;&lt;WorkspaceConnectionString&gt;DATABASE=D:\Arc projects 2022_23\Projects\VA1976\VA1976.gdb&lt;/WorkspaceConnectionString&gt;&lt;WorkspaceFactory&gt;FileGDB&lt;/WorkspaceFactory&gt;&lt;Dataset&gt;Fairfax_Merge&lt;/Dataset&gt;&lt;DatasetType&gt;esriDTFeatureClass&lt;/DatasetType&gt;&lt;/CIMStandardDataConnection&gt;" &lt;operationSequence&gt;&lt;workflow&gt;&lt;AddField&gt;&lt;field_name&gt;total&lt;/field_name&gt;&lt;field_type&gt;DOUBLE&lt;/field_type&gt;&lt;field_is_nullable&gt;True&lt;/field_is_nullable&gt;&lt;field_is_required&gt;False&lt;/field_is_required&gt;&lt;/AddField&gt;&lt;/workflow&gt;&lt;/operationSequence&gt;</Process><Process ToolSource="c:\program files\arcgis\pro\Resources\ArcToolbox\toolboxes\Data Management Tools.tbx\CalculateField" Date="20240303" Time="204913">CalculateField Fairfax_Merge total "!carter! + !ford!" Python # Text NO_ENFORCE_DOMAINS</Process><Process ToolSource="c:\program files\arcgis\pro\Resources\ArcToolbox\toolboxes\Data Management Tools.tbx\CalculateField" Date="20240303" Time="204928">CalculateField Fairfax_Merge total "!carter! + !ford!" Python # Text NO_ENFORCE_DOMAINS</Process><Process ToolSource="c:\program files\arcgis\pro\Resources\ArcToolbox\toolboxes\Data Management Tools.tbx\CalculateField" Date="20240303" Time="204943">CalculateField Fairfax_Merge PDEM "!carter!  / !total!" Python # Text NO_ENFORCE_DOMAINS</Process><Process ToolSource="c:\program files\arcgis\pro\Resources\ArcToolbox\toolboxes\Data Management Tools.tbx\CalculateField" Date="20240303" Time="204953">CalculateField Fairfax_Merge PREP "!ford!  / !total!" Python # Text NO_ENFORCE_DOMAINS</Process><Process ToolSource="c:\program files\arcgis\pro\Resources\ArcToolbox\toolboxes\Data Management Tools.tbx\CalculateField" Date="20240303" Time="205005">CalculateField Fairfax_Merge MARGIN "!PDEM! - !PREP!" Python # Text NO_ENFORCE_DOMAINS</Process><Process ToolSource="c:\program files\arcgis\pro\Resources\ArcToolbox\Toolboxes\Data Management Tools.tbx\DeleteField" Date="20240312" Time="172358">DeleteField Fairfax_Merge DEM;REP "Delete Fields"</Process><Process ToolSource="c:\program files\arcgis\pro\Resources\ArcToolbox\toolboxes\Conversion Tools.tbx\ExportFeatures" Date="20240312" Time="172419">ExportFeatures Fairfax_Merge "D:\Arc projects 2022_23\Projects\VA1969\VA1969.gdb\Fairfax_Arlington_1969" # NOT_USE_ALIAS "STATE80 "STATE80" true true false 2 Text 0 0,First,#,Fairfax_Merge,STATE80,0,1;COUNTY80 "COUNTY80" true true false 3 Text 0 0,First,#,Fairfax_Merge,COUNTY80,0,2;VTD90 "VTD90" true true false 6 Text 0 0,First,#,Fairfax_Merge,VTD90,0,5;NAME "NAME" true true false 66 Text 0 0,First,#,Fairfax_Merge,NAME,0,65;GISJOIN "GISJOIN" true true false 10 Text 0 0,First,#,Fairfax_Merge,GISJOIN,0,9;GISJOIN2 "GISJOIN2" true true false 9 Text 0 0,First,#,Fairfax_Merge,GISJOIN2,0,8;PDEM "PDEM" true true false 8 Double 0 0,First,#,Fairfax_Merge,PDEM,-1,-1;PREP "PREP" true true false 8 Double 0 0,First,#,Fairfax_Merge,PREP,-1,-1;MARGIN "MARGIN" true true false 8 Double 0 0,First,#,Fairfax_Merge,MARGIN,-1,-1;Shape_Length "Shape_Length" false true true 8 Double 0 0,First,#,Fairfax_Merge,Shape_Length,-1,-1;Shape_Area "Shape_Area" false true true 8 Double 0 0,First,#,Fairfax_Merge,Shape_Area,-1,-1;carter "carter" true true false 8 Double 0 0,First,#,Fairfax_Merge,carter,-1,-1;ford "ford" true true false 8 Double 0 0,First,#,Fairfax_Merge,ford,-1,-1;total "total" true true false 8 Double 0 0,First,#,Fairfax_Merge,total,-1,-1" #</Process><Process ToolSource="c:\program files\arcgis\pro\Resources\ArcToolbox\toolboxes\Data Management Tools.tbx\UpdateSchema" Date="20240312" Time="172517">UpdateSchema "CIMDATA=&lt;CIMStandardDataConnection xsi:type='typens:CIMStandardDataConnection' xmlns:xsi='http://www.w3.org/2001/XMLSchema-instance' xmlns:xs='http://www.w3.org/2001/XMLSchema' xmlns:typens='http://www.esri.com/schemas/ArcGIS/3.2.0'&gt;&lt;WorkspaceConnectionString&gt;DATABASE=D:\Arc projects 2022_23\Projects\VA1969\VA1969.gdb&lt;/WorkspaceConnectionString&gt;&lt;WorkspaceFactory&gt;FileGDB&lt;/WorkspaceFactory&gt;&lt;Dataset&gt;Fairfax_Arlington_1969&lt;/Dataset&gt;&lt;DatasetType&gt;esriDTFeatureClass&lt;/DatasetType&gt;&lt;/CIMStandardDataConnection&gt;" &lt;operationSequence&gt;&lt;workflow&gt;&lt;AddField&gt;&lt;field_name&gt;dvote69&lt;/field_name&gt;&lt;field_type&gt;DOUBLE&lt;/field_type&gt;&lt;field_is_nullable&gt;True&lt;/field_is_nullable&gt;&lt;field_is_required&gt;False&lt;/field_is_required&gt;&lt;/AddField&gt;&lt;/workflow&gt;&lt;workflow&gt;&lt;AddField&gt;&lt;field_name&gt;rvote69&lt;/field_name&gt;&lt;field_type&gt;DOUBLE&lt;/field_type&gt;&lt;field_is_nullable&gt;True&lt;/field_is_nullable&gt;&lt;field_is_required&gt;False&lt;/field_is_required&gt;&lt;/AddField&gt;&lt;/workflow&gt;&lt;workflow&gt;&lt;AddField&gt;&lt;field_name&gt;total69&lt;/field_name&gt;&lt;field_type&gt;DOUBLE&lt;/field_type&gt;&lt;field_is_nullable&gt;True&lt;/field_is_nullable&gt;&lt;field_is_required&gt;False&lt;/field_is_required&gt;&lt;/AddField&gt;&lt;/workflow&gt;&lt;workflow&gt;&lt;AddField&gt;&lt;field_name&gt;pdem69&lt;/field_name&gt;&lt;field_type&gt;DOUBLE&lt;/field_type&gt;&lt;field_is_nullable&gt;True&lt;/field_is_nullable&gt;&lt;field_is_required&gt;False&lt;/field_is_required&gt;&lt;/AddField&gt;&lt;/workflow&gt;&lt;workflow&gt;&lt;AddField&gt;&lt;field_name&gt;prep69&lt;/field_name&gt;&lt;field_type&gt;DOUBLE&lt;/field_type&gt;&lt;field_is_nullable&gt;True&lt;/field_is_nullable&gt;&lt;field_is_required&gt;False&lt;/field_is_required&gt;&lt;/AddField&gt;&lt;/workflow&gt;&lt;workflow&gt;&lt;AddField&gt;&lt;field_name&gt;margin69&lt;/field_name&gt;&lt;field_type&gt;DOUBLE&lt;/field_type&gt;&lt;field_is_nullable&gt;True&lt;/field_is_nullable&gt;&lt;field_is_required&gt;False&lt;/field_is_required&gt;&lt;/AddField&gt;&lt;/workflow&gt;&lt;/operationSequence&gt;</Process><Process ToolSource="c:\program files\arcgis\pro\Resources\ArcToolbox\toolboxes\Data Management Tools.tbx\CalculateField" Date="20240312" Time="195402">CalculateField Fairfax_Arlington_1969 total "!dvote69! + !rvote69!" Python # Text NO_ENFORCE_DOMAINS</Process><Process ToolSource="c:\program files\arcgis\pro\Resources\ArcToolbox\toolboxes\Data Management Tools.tbx\CalculateField" Date="20240312" Time="195428">CalculateField Fairfax_Arlington_1969 total69 "!dvote69! + !rvote69!" Python # Text NO_ENFORCE_DOMAINS</Process><Process ToolSource="c:\program files\arcgis\pro\Resources\ArcToolbox\toolboxes\Data Management Tools.tbx\CalculateField" Date="20240312" Time="195444">CalculateField Fairfax_Arlington_1969 pdem69 "!dvote69!  / !total69!" Python # Text NO_ENFORCE_DOMAINS</Process><Process ToolSource="c:\program files\arcgis\pro\Resources\ArcToolbox\toolboxes\Data Management Tools.tbx\CalculateField" Date="20240312" Time="195451">CalculateField Fairfax_Arlington_1969 prep69 "!rvote69! / !total69!" Python # Text NO_ENFORCE_DOMAINS</Process><Process ToolSource="c:\program files\arcgis\pro\Resources\ArcToolbox\toolboxes\Data Management Tools.tbx\CalculateField" Date="20240312" Time="195459">CalculateField Fairfax_Arlington_1969 margin69 "!pdem69! - !prep69!" Python # Text NO_ENFORCE_DOMAINS</Process><Process ToolSource="c:\program files\arcgis\pro\Resources\ArcToolbox\toolboxes\Conversion Tools.tbx\ExportFeatures" Date="20240414" Time="181807">ExportFeatures Fairfax_Arlington_1969 "D:\2024 maps\1964 Virginia\MyProject6.gdb\Fairfax_Arlington" # NOT_USE_ALIAS "STATE80 "STATE80" true true false 2 Text 0 0,First,#,Fairfax_Arlington_1969,STATE80,0,1;COUNTY80 "COUNTY80" true true false 3 Text 0 0,First,#,Fairfax_Arlington_1969,COUNTY80,0,2;VTD90 "VTD90" true true false 6 Text 0 0,First,#,Fairfax_Arlington_1969,VTD90,0,5;NAME "NAME" true true false 66 Text 0 0,First,#,Fairfax_Arlington_1969,NAME,0,65;GISJOIN "GISJOIN" true true false 10 Text 0 0,First,#,Fairfax_Arlington_1969,GISJOIN,0,9;GISJOIN2 "GISJOIN2" true true false 9 Text 0 0,First,#,Fairfax_Arlington_1969,GISJOIN2,0,8;PDEM "PDEM" true true false 8 Double 0 0,First,#,Fairfax_Arlington_1969,PDEM,-1,-1;PREP "PREP" true true false 8 Double 0 0,First,#,Fairfax_Arlington_1969,PREP,-1,-1;MARGIN "MARGIN" true true false 8 Double 0 0,First,#,Fairfax_Arlington_1969,MARGIN,-1,-1;carter "carter" true true false 8 Double 0 0,First,#,Fairfax_Arlington_1969,carter,-1,-1;ford "ford" true true false 8 Double 0 0,First,#,Fairfax_Arlington_1969,ford,-1,-1;total "total" true true false 8 Double 0 0,First,#,Fairfax_Arlington_1969,total,-1,-1;Shape_Length "Shape_Length" false true true 8 Double 0 0,First,#,Fairfax_Arlington_1969,Shape_Length,-1,-1;Shape_Area "Shape_Area" false true true 8 Double 0 0,First,#,Fairfax_Arlington_1969,Shape_Area,-1,-1;dvote69 "dvote69" true true false 8 Double 0 0,First,#,Fairfax_Arlington_1969,dvote69,-1,-1;rvote69 "rvote69" true true false 8 Double 0 0,First,#,Fairfax_Arlington_1969,rvote69,-1,-1;total69 "total69" true true false 8 Double 0 0,First,#,Fairfax_Arlington_1969,total69,-1,-1;pdem69 "pdem69" true true false 8 Double 0 0,First,#,Fairfax_Arlington_1969,pdem69,-1,-1;prep69 "prep69" true true false 8 Double 0 0,First,#,Fairfax_Arlington_1969,prep69,-1,-1;margin69 "margin69" true true false 8 Double 0 0,First,#,Fairfax_Arlington_1969,margin69,-1,-1" #</Process><Process ToolSource="c:\program files\arcgis\pro\Resources\ArcToolbox\toolboxes\Data Management Tools.tbx\DeleteField" Date="20240414" Time="181833">DeleteField Fairfax_Arlington GISJOIN;GISJOIN2;PDEM;PREP;MARGIN;carter;ford;total;dvote69;rvote69;total69;pdem69;prep69;margin69 "Delete Fields"</Process><Process ToolSource="c:\program files\arcgis\pro\Resources\ArcToolbox\toolboxes\Data Management Tools.tbx\Merge" Date="20240414" Time="181846">Merge Fairfax_Arlington;Alexandria "D:\2024 maps\1964 Virginia\MyProject6.gdb\Fairfax_Arlington_Merge" "STATE80 "STATE80" true true false 2 Text 0 0,First,#,Fairfax_Arlington,STATE80,0,1,Alexandria,STATE80,0,1;COUNTY80 "COUNTY80" true true false 3 Text 0 0,First,#,Fairfax_Arlington,COUNTY80,0,2,Alexandria,COUNTY80,0,2;VTD90 "VTD90" true true false 6 Text 0 0,First,#,Fairfax_Arlington,VTD90,0,5,Alexandria,VTD90,0,5;NAME "NAME" true true false 66 Text 0 0,First,#,Fairfax_Arlington,NAME,0,65,Alexandria,NAME,0,65;Shape_Length "Shape_Length" false true true 8 Double 0 0,First,#,Fairfax_Arlington,Shape_Length,-1,-1,Alexandria,Shape_Length,-1,-1;Shape_Area "Shape_Area" false true true 8 Double 0 0,First,#,Fairfax_Arlington,Shape_Area,-1,-1,Alexandria,Shape_Area,-1,-1" NO_SOURCE_INFO</Process><Process ToolSource="c:\program files\arcgis\pro\Resources\ArcToolbox\toolboxes\Data Management Tools.tbx\UpdateSchema" Date="20240414" Time="181913">UpdateSchema "CIMDATA=&lt;CIMStandardDataConnection xsi:type='typens:CIMStandardDataConnection' xmlns:xsi='http://www.w3.org/2001/XMLSchema-instance' xmlns:xs='http://www.w3.org/2001/XMLSchema' xmlns:typens='http://www.esri.com/schemas/ArcGIS/3.2.0'&gt;&lt;WorkspaceConnectionString&gt;DATABASE=D:\2024 maps\1964 Virginia\MyProject6.gdb&lt;/WorkspaceConnectionString&gt;&lt;WorkspaceFactory&gt;FileGDB&lt;/WorkspaceFactory&gt;&lt;Dataset&gt;Fairfax_Arlington_Merge&lt;/Dataset&gt;&lt;DatasetType&gt;esriDTFeatureClass&lt;/DatasetType&gt;&lt;/CIMStandardDataConnection&gt;" &lt;operationSequence&gt;&lt;workflow&gt;&lt;AddField&gt;&lt;field_name&gt;DVOTE&lt;/field_name&gt;&lt;field_type&gt;DOUBLE&lt;/field_type&gt;&lt;field_is_nullable&gt;True&lt;/field_is_nullable&gt;&lt;field_is_required&gt;False&lt;/field_is_required&gt;&lt;/AddField&gt;&lt;/workflow&gt;&lt;workflow&gt;&lt;AddField&gt;&lt;field_name&gt;RVOTE&lt;/field_name&gt;&lt;field_type&gt;DOUBLE&lt;/field_type&gt;&lt;field_is_nullable&gt;True&lt;/field_is_nullable&gt;&lt;field_is_required&gt;False&lt;/field_is_required&gt;&lt;/AddField&gt;&lt;/workflow&gt;&lt;workflow&gt;&lt;AddField&gt;&lt;field_name&gt;TOTAL&lt;/field_name&gt;&lt;field_type&gt;DOUBLE&lt;/field_type&gt;&lt;field_is_nullable&gt;True&lt;/field_is_nullable&gt;&lt;field_is_required&gt;False&lt;/field_is_required&gt;&lt;/AddField&gt;&lt;/workflow&gt;&lt;workflow&gt;&lt;AddField&gt;&lt;field_name&gt;PDEM&lt;/field_name&gt;&lt;field_type&gt;DOUBLE&lt;/field_type&gt;&lt;field_is_nullable&gt;True&lt;/field_is_nullable&gt;&lt;field_is_required&gt;False&lt;/field_is_required&gt;&lt;/AddField&gt;&lt;/workflow&gt;&lt;workflow&gt;&lt;AddField&gt;&lt;field_name&gt;PREP&lt;/field_name&gt;&lt;field_type&gt;DOUBLE&lt;/field_type&gt;&lt;field_is_nullable&gt;True&lt;/field_is_nullable&gt;&lt;field_is_required&gt;False&lt;/field_is_required&gt;&lt;/AddField&gt;&lt;/workflow&gt;&lt;workflow&gt;&lt;AddField&gt;&lt;field_name&gt;MARGIN&lt;/field_name&gt;&lt;field_type&gt;DOUBLE&lt;/field_type&gt;&lt;field_is_nullable&gt;True&lt;/field_is_nullable&gt;&lt;field_is_required&gt;False&lt;/field_is_required&gt;&lt;/AddField&gt;&lt;/workflow&gt;&lt;/operationSequence&gt;</Process><Process ToolSource="c:\program files\arcgis\pro\Resources\ArcToolbox\toolboxes\Data Management Tools.tbx\CalculateField" Date="20240415" Time="140419">CalculateField Fairfax_Arlington_Merge TOTAL "!DVOTE! + !RVOTE!" Python # Text NO_ENFORCE_DOMAINS</Process><Process ToolSource="c:\program files\arcgis\pro\Resources\ArcToolbox\toolboxes\Data Management Tools.tbx\CalculateField" Date="20240415" Time="140438">CalculateField Fairfax_Arlington_Merge PDEM "!DVOTE! / !TOTAL!" Python # Text NO_ENFORCE_DOMAINS</Process><Process ToolSource="c:\program files\arcgis\pro\Resources\ArcToolbox\toolboxes\Data Management Tools.tbx\CalculateField" Date="20240415" Time="140512">CalculateField Fairfax_Arlington_Merge PREP "!RVOTE!/ !TOTAL!" Python # Text NO_ENFORCE_DOMAINS</Process><Process ToolSource="c:\program files\arcgis\pro\Resources\ArcToolbox\toolboxes\Data Management Tools.tbx\CalculateField" Date="20240415" Time="140523">CalculateField Fairfax_Arlington_Merge MARGIN "!PDEM! - !PREP!" Python # Text NO_ENFORCE_DOMAINS</Process><Process ToolSource="c:\program files\arcgis\pro\Resources\ArcToolbox\toolboxes\Conversion Tools.tbx\ExportFeatures" Date="20240524" Time="235904">ExportFeatures Fairfax_Arlington_Merge "D:\2024 maps\1936 Virginia\VA1936\VA1936.gdb\Fairfax" # NOT_USE_ALIAS "STATE80 "STATE80" true true false 2 Text 0 0,First,#,Fairfax_Arlington_Merge,STATE80,0,1;COUNTY80 "COUNTY80" true true false 3 Text 0 0,First,#,Fairfax_Arlington_Merge,COUNTY80,0,2;VTD90 "VTD90" true true false 6 Text 0 0,First,#,Fairfax_Arlington_Merge,VTD90,0,5;NAME "NAME" true true false 66 Text 0 0,First,#,Fairfax_Arlington_Merge,NAME,0,65;Shape_Length "Shape_Length" false true true 8 Double 0 0,First,#,Fairfax_Arlington_Merge,Shape_Length,-1,-1;Shape_Area "Shape_Area" false true true 8 Double 0 0,First,#,Fairfax_Arlington_Merge,Shape_Area,-1,-1;DVOTE "DVOTE" true true false 8 Double 0 0,First,#,Fairfax_Arlington_Merge,DVOTE,-1,-1;RVOTE "RVOTE" true true false 8 Double 0 0,First,#,Fairfax_Arlington_Merge,RVOTE,-1,-1;TOTAL "TOTAL" true true false 8 Double 0 0,First,#,Fairfax_Arlington_Merge,TOTAL,-1,-1;PDEM "PDEM" true true false 8 Double 0 0,First,#,Fairfax_Arlington_Merge,PDEM,-1,-1;PREP "PREP" true true false 8 Double 0 0,First,#,Fairfax_Arlington_Merge,PREP,-1,-1;MARGIN "MARGIN" true true false 8 Double 0 0,First,#,Fairfax_Arlington_Merge,MARGIN,-1,-1" #</Process><Process ToolSource="c:\program files\arcgis\pro\Resources\ArcToolbox\Toolboxes\Data Management Tools.tbx\DeleteField" Date="20240529" Time="000748">DeleteField Fairfax_1936 DVOTE;RVOTE;TOTAL;PDEM;PREP;MARGIN "Delete Fields"</Process><Process ToolSource="c:\program files\arcgis\pro\Resources\ArcToolbox\Toolboxes\Data Management Tools.tbx\DeleteField" Date="20240529" Time="000816">DeleteField Fairfax_1936 STATE80;COUNTY80;VTD90 "Delete Fields"</Process><Process ToolSource="c:\program files\arcgis\pro\Resources\ArcToolbox\Toolboxes\Data Management Tools.tbx\UpdateSchema" Date="20240529" Time="000853">UpdateSchema "CIMDATA=&lt;CIMStandardDataConnection xsi:type='typens:CIMStandardDataConnection' xmlns:xsi='http://www.w3.org/2001/XMLSchema-instance' xmlns:xs='http://www.w3.org/2001/XMLSchema' xmlns:typens='http://www.esri.com/schemas/ArcGIS/3.2.0'&gt;&lt;WorkspaceConnectionString&gt;DATABASE=D:\2024 maps\1936 Virginia\VA1936\VA1936.gdb&lt;/WorkspaceConnectionString&gt;&lt;WorkspaceFactory&gt;FileGDB&lt;/WorkspaceFactory&gt;&lt;Dataset&gt;Fairfax&lt;/Dataset&gt;&lt;DatasetType&gt;esriDTFeatureClass&lt;/DatasetType&gt;&lt;/CIMStandardDataConnection&gt;" &lt;operationSequence&gt;&lt;workflow&gt;&lt;AddField&gt;&lt;field_name&gt;DVOTE&lt;/field_name&gt;&lt;field_type&gt;DOUBLE&lt;/field_type&gt;&lt;field_is_nullable&gt;True&lt;/field_is_nullable&gt;&lt;field_is_required&gt;False&lt;/field_is_required&gt;&lt;/AddField&gt;&lt;/workflow&gt;&lt;workflow&gt;&lt;AddField&gt;&lt;field_name&gt;RVOTE&lt;/field_name&gt;&lt;field_type&gt;DOUBLE&lt;/field_type&gt;&lt;field_is_nullable&gt;True&lt;/field_is_nullable&gt;&lt;field_is_required&gt;False&lt;/field_is_required&gt;&lt;/AddField&gt;&lt;/workflow&gt;&lt;workflow&gt;&lt;AddField&gt;&lt;field_name&gt;TOTAL&lt;/field_name&gt;&lt;field_type&gt;DOUBLE&lt;/field_type&gt;&lt;field_is_nullable&gt;True&lt;/field_is_nullable&gt;&lt;field_is_required&gt;False&lt;/field_is_required&gt;&lt;/AddField&gt;&lt;/workflow&gt;&lt;workflow&gt;&lt;AddField&gt;&lt;field_name&gt;PDEM&lt;/field_name&gt;&lt;field_type&gt;DOUBLE&lt;/field_type&gt;&lt;field_is_nullable&gt;True&lt;/field_is_nullable&gt;&lt;field_is_required&gt;False&lt;/field_is_required&gt;&lt;/AddField&gt;&lt;/workflow&gt;&lt;workflow&gt;&lt;AddField&gt;&lt;field_name&gt;PREP&lt;/field_name&gt;&lt;field_type&gt;DOUBLE&lt;/field_type&gt;&lt;field_is_nullable&gt;True&lt;/field_is_nullable&gt;&lt;field_is_required&gt;False&lt;/field_is_required&gt;&lt;/AddField&gt;&lt;/workflow&gt;&lt;workflow&gt;&lt;AddField&gt;&lt;field_name&gt;MARGIN&lt;/field_name&gt;&lt;field_type&gt;DOUBLE&lt;/field_type&gt;&lt;field_is_nullable&gt;True&lt;/field_is_nullable&gt;&lt;field_is_required&gt;False&lt;/field_is_required&gt;&lt;/AddField&gt;&lt;/workflow&gt;&lt;/operationSequence&gt;</Process><Process ToolSource="c:\program files\arcgis\pro\Resources\ArcToolbox\Toolboxes\Data Management Tools.tbx\UpdateSchema" Date="20240529" Time="000917">UpdateSchema "CIMDATA=&lt;CIMStandardDataConnection xsi:type='typens:CIMStandardDataConnection' xmlns:xsi='http://www.w3.org/2001/XMLSchema-instance' xmlns:xs='http://www.w3.org/2001/XMLSchema' xmlns:typens='http://www.esri.com/schemas/ArcGIS/3.2.0'&gt;&lt;WorkspaceConnectionString&gt;DATABASE=D:\2024 maps\1936 Virginia\VA1936\VA1936.gdb&lt;/WorkspaceConnectionString&gt;&lt;WorkspaceFactory&gt;FileGDB&lt;/WorkspaceFactory&gt;&lt;Dataset&gt;Fairfax&lt;/Dataset&gt;&lt;DatasetType&gt;esriDTFeatureClass&lt;/DatasetType&gt;&lt;/CIMStandardDataConnection&gt;" &lt;operationSequence&gt;&lt;workflow&gt;&lt;AddField&gt;&lt;field_name&gt;District&lt;/field_name&gt;&lt;field_type&gt;TEXT&lt;/field_type&gt;&lt;field_length&gt;255&lt;/field_length&gt;&lt;field_is_nullable&gt;True&lt;/field_is_nullable&gt;&lt;field_is_required&gt;False&lt;/field_is_required&gt;&lt;/AddField&gt;&lt;/workflow&gt;&lt;/operationSequence&gt;</Process><Process ToolSource="c:\program files\arcgis\pro\Resources\ArcToolbox\Toolboxes\Data Management Tools.tbx\UpdateSchema" Date="20240529" Time="000937">UpdateSchema "CIMDATA=&lt;CIMStandardDataConnection xsi:type='typens:CIMStandardDataConnection' xmlns:xsi='http://www.w3.org/2001/XMLSchema-instance' xmlns:xs='http://www.w3.org/2001/XMLSchema' xmlns:typens='http://www.esri.com/schemas/ArcGIS/3.2.0'&gt;&lt;WorkspaceConnectionString&gt;DATABASE=D:\2024 maps\1936 Virginia\VA1936\VA1936.gdb&lt;/WorkspaceConnectionString&gt;&lt;WorkspaceFactory&gt;FileGDB&lt;/WorkspaceFactory&gt;&lt;Dataset&gt;Fairfax&lt;/Dataset&gt;&lt;DatasetType&gt;esriDTFeatureClass&lt;/DatasetType&gt;&lt;/CIMStandardDataConnection&gt;" &lt;operationSequence&gt;&lt;workflow&gt;&lt;AddField&gt;&lt;field_name&gt;County&lt;/field_name&gt;&lt;field_type&gt;TEXT&lt;/field_type&gt;&lt;field_length&gt;255&lt;/field_length&gt;&lt;field_is_nullable&gt;True&lt;/field_is_nullable&gt;&lt;field_is_required&gt;False&lt;/field_is_required&gt;&lt;/AddField&gt;&lt;/workflow&gt;&lt;/operationSequence&gt;</Process><Process ToolSource="c:\program files\arcgis\pro\Resources\ArcToolbox\toolboxes\Data Management Tools.tbx\CalculateField" Date="20240529" Time="001958">CalculateField Fairfax_1936 TOTAL "!DVOTE! + !RVOTE!" Python # Text NO_ENFORCE_DOMAINS</Process><Process ToolSource="c:\program files\arcgis\pro\Resources\ArcToolbox\toolboxes\Data Management Tools.tbx\CalculateField" Date="20240529" Time="002006">CalculateField Fairfax_1936 PREP "!RVOTE! / !TOTAL!" Python # Text NO_ENFORCE_DOMAINS</Process><Process ToolSource="c:\program files\arcgis\pro\Resources\ArcToolbox\toolboxes\Data Management Tools.tbx\CalculateField" Date="20240529" Time="002019">CalculateField Fairfax_1936 PDEM "!DVOTE!/ !TOTAL!" Python # Text NO_ENFORCE_DOMAINS</Process><Process ToolSource="c:\program files\arcgis\pro\Resources\ArcToolbox\toolboxes\Data Management Tools.tbx\CalculateField" Date="20240529" Time="002027">CalculateField Fairfax_1936 MARGIN "!PDEM! - !PREP!" Python # Text NO_ENFORCE_DOMAINS</Process><Process ToolSource="c:\program files\arcgis\pro\Resources\ArcToolbox\toolboxes\Data Management Tools.tbx\Merge" Date="20241022" Time="164931">Merge NoVa\Fairfax_1936;NoVa\Fauquier1936;NoVa\Loudoun1936;NoVa\PWC1936;NoVa\Stafford1936 "D:\2024 maps\1936 Virginia\VA1936\VA1936.gdb\NoVA" "NAME "NAME" true true false 66 Text 0 0,First,#,NoVa\Fairfax_1936,NAME,0,65,NoVa\Fauquier1936,NAME,0,65,NoVa\Loudoun1936,NAME,0,65,NoVa\PWC1936,NAME,0,254,NoVa\Stafford1936,NAME,0,65;Shape_Length "Shape_Length" false true true 8 Double 0 0,First,#,NoVa\Fairfax_1936,Shape_Length,-1,-1,NoVa\Fauquier1936,Shape_Length,-1,-1,NoVa\Loudoun1936,Shape_Length,-1,-1,NoVa\PWC1936,Shape_Length,-1,-1,NoVa\Stafford1936,Shape_Length,-1,-1;Shape_Area "Shape_Area" false true true 8 Double 0 0,First,#,NoVa\Fairfax_1936,Shape_Area,-1,-1,NoVa\Fauquier1936,Shape_Area,-1,-1,NoVa\Loudoun1936,Shape_Area,-1,-1,NoVa\PWC1936,Shape_Area,-1,-1,NoVa\Stafford1936,Shape_Area,-1,-1;DVOTE "DVOTE" true true false 8 Double 0 0,First,#,NoVa\Fairfax_1936,DVOTE,-1,-1,NoVa\Fauquier1936,DVOTE,-1,-1,NoVa\Loudoun1936,DVOTE,-1,-1,NoVa\PWC1936,DVOTE,-1,-1,NoVa\Stafford1936,DVOTE,-1,-1;RVOTE "RVOTE" true true false 8 Double 0 0,First,#,NoVa\Fairfax_1936,RVOTE,-1,-1,NoVa\Fauquier1936,RVOTE,-1,-1,NoVa\Loudoun1936,RVOTE,-1,-1,NoVa\PWC1936,RVOTE,-1,-1,NoVa\Stafford1936,RVOTE,-1,-1;TOTAL "TOTAL" true true false 8 Double 0 0,First,#,NoVa\Fairfax_1936,TOTAL,-1,-1,NoVa\Fauquier1936,TOTAL,-1,-1,NoVa\Loudoun1936,TOTAL,-1,-1,NoVa\PWC1936,TOTAL,-1,-1,NoVa\Stafford1936,TOTAL,-1,-1;PDEM "PDEM" true true false 8 Double 0 0,First,#,NoVa\Fairfax_1936,PDEM,-1,-1,NoVa\Fauquier1936,PDEM,-1,-1,NoVa\Loudoun1936,PDEM,-1,-1,NoVa\PWC1936,PDEM,-1,-1,NoVa\Stafford1936,PDEM,-1,-1;PREP "PREP" true true false 8 Double 0 0,First,#,NoVa\Fairfax_1936,PREP,-1,-1,NoVa\Fauquier1936,PREP,-1,-1,NoVa\Loudoun1936,PREP,-1,-1,NoVa\PWC1936,PREP,-1,-1,NoVa\Stafford1936,PREP,-1,-1;MARGIN "MARGIN" true true false 8 Double 0 0,First,#,NoVa\Fairfax_1936,MARGIN,-1,-1,NoVa\Fauquier1936,MARGIN,-1,-1,NoVa\Loudoun1936,MARGIN,-1,-1,NoVa\PWC1936,MARGIN,-1,-1,NoVa\Stafford1936,MARGIN,-1,-1;District "District" true true false 255 Text 0 0,First,#,NoVa\Fairfax_1936,District,0,254,NoVa\Fauquier1936,District,0,254,NoVa\Loudoun1936,District,0,254,NoVa\PWC1936,District,0,254;County "County" true true false 255 Text 0 0,First,#,NoVa\Fairfax_1936,County,0,254,NoVa\Loudoun1936,County,0,254" NO_SOURCE_INFO</Process><Process ToolSource="c:\program files\arcgis\pro\Resources\ArcToolbox\toolboxes\Data Management Tools.tbx\Merge" Date="20241022" Time="170021">Merge NoVA;Central;'Valley 1936';SW;SOUTHSIDE;Tidewater;RVA "D:\2024 maps\1936 Virginia\VA1936\VA1936.gdb\VA_1936" "NAME "NAME" true true false 66 Text 0 0,First,#,NoVA,NAME,0,65,Central,NAME,0,65,Valley 1936,NAME,0,65,SW,NAME,0,254,SOUTHSIDE,NAME,0,65,Tidewater,NAME,0,65,RVA,NAME,0,65;DVOTE "DVOTE" true true false 8 Double 0 0,First,#,NoVA,DVOTE,-1,-1,Central,DVOTE,-1,-1,Valley 1936,DVOTE,-1,-1,SW,DVOTE,-1,-1,SOUTHSIDE,DVOTE,-1,-1,Tidewater,DVOTE,-1,-1,RVA,DVOTE,-1,-1;RVOTE "RVOTE" true true false 8 Double 0 0,First,#,NoVA,RVOTE,-1,-1,Central,RVOTE,-1,-1,Valley 1936,RVOTE,-1,-1,SW,RVOTE,-1,-1,SOUTHSIDE,RVOTE,-1,-1,Tidewater,RVOTE,-1,-1,RVA,RVOTE,-1,-1;TOTAL "TOTAL" true true false 8 Double 0 0,First,#,NoVA,TOTAL,-1,-1,Central,TOTAL,-1,-1,Valley 1936,TOTAL,-1,-1,SW,TOTAL,-1,-1,SOUTHSIDE,TOTAL,-1,-1,Tidewater,TOTAL,-1,-1,RVA,TOTAL,-1,-1;PDEM "PDEM" true true false 8 Double 0 0,First,#,NoVA,PDEM,-1,-1,Central,PDEM,-1,-1,Valley 1936,PDEM,-1,-1,SW,PDEM,-1,-1,SOUTHSIDE,PDEM,-1,-1,Tidewater,PDEM,-1,-1,RVA,PDEM,-1,-1;PREP "PREP" true true false 8 Double 0 0,First,#,NoVA,PREP,-1,-1,Central,PREP,-1,-1,Valley 1936,PREP,-1,-1,SW,PREP,-1,-1,SOUTHSIDE,PREP,-1,-1,Tidewater,PREP,-1,-1,RVA,PREP,-1,-1;MARGIN "MARGIN" true true false 8 Double 0 0,First,#,NoVA,MARGIN,-1,-1,Central,MARGIN,-1,-1,Valley 1936,MARGIN,-1,-1,SW,MARGIN,-1,-1,SOUTHSIDE,MARGIN,-1,-1,Tidewater,MARGIN,-1,-1,RVA,MARGIN,-1,-1;District "District" true true false 255 Text 0 0,First,#,NoVA,District,0,254,Central,District,0,254,Valley 1936,District,0,254,SW,DISTRICT,0,254,SOUTHSIDE,District,0,254,Tidewater,DISTRICT,0,254,RVA,District,0,254;County "County" true true false 255 Text 0 0,First,#,NoVA,County,0,254,Central,County,0,254,Valley 1936,County,0,254,SW,COUNTY,0,254,SOUTHSIDE,County,0,254,Tidewater,County,0,254,RVA,County,0,254;Shape_Length "Shape_Length" false true true 8 Double 0 0,First,#,NoVA,Shape_Length,-1,-1,Central,Shape_Length,-1,-1,Valley 1936,Shape_Length,-1,-1,SW,Shape_Length,-1,-1,SOUTHSIDE,Shape_Length,-1,-1,Tidewater,Shape_Length,-1,-1,RVA,Shape_Length,-1,-1;Shape_Area "Shape_Area" false true true 8 Double 0 0,First,#,NoVA,Shape_Area,-1,-1,Central,Shape_Area,-1,-1,Valley 1936,Shape_Area,-1,-1,SW,Shape_Area,-1,-1,SOUTHSIDE,Shape_Area,-1,-1,Tidewater,Shape_Area,-1,-1,RVA,Shape_Area,-1,-1;STATE80 "STATE80" true true false 2 Text 0 0,First,#,RVA,STATE80,0,1;COUNTY80 "COUNTY80" true true false 3 Text 0 0,First,#,RVA,COUNTY80,0,2;VTD90 "VTD90" true true false 6 Text 0 0,First,#,RVA,VTD90,0,5" NO_SOURCE_INFO</Process><Process ToolSource="c:\program files\arcgis\pro\Resources\ArcToolbox\toolboxes\Data Management Tools.tbx\DeleteField" Date="20241022" Time="170045">DeleteField VA_1936 STATE80;COUNTY80;VTD90 "Delete Fields"</Process><Process ToolSource="c:\program files\arcgis\pro\Resources\ArcToolbox\toolboxes\Data Management Tools.tbx\UpdateSchema" Date="20241022" Time="224139">UpdateSchema "CIMDATA=&lt;CIMStandardDataConnection xsi:type='typens:CIMStandardDataConnection' xmlns:xsi='http://www.w3.org/2001/XMLSchema-instance' xmlns:xs='http://www.w3.org/2001/XMLSchema' xmlns:typens='http://www.esri.com/schemas/ArcGIS/3.2.0'&gt;&lt;WorkspaceConnectionString&gt;DATABASE=D:\2024 maps\1936 Virginia\VA1936\VA1936.gdb&lt;/WorkspaceConnectionString&gt;&lt;WorkspaceFactory&gt;FileGDB&lt;/WorkspaceFactory&gt;&lt;Dataset&gt;VA_1936&lt;/Dataset&gt;&lt;DatasetType&gt;esriDTFeatureClass&lt;/DatasetType&gt;&lt;/CIMStandardDataConnection&gt;" &lt;operationSequence&gt;&lt;workflow&gt;&lt;AddField&gt;&lt;field_name&gt;rawmargin&lt;/field_name&gt;&lt;field_type&gt;DOUBLE&lt;/field_type&gt;&lt;field_is_nullable&gt;True&lt;/field_is_nullable&gt;&lt;field_is_required&gt;False&lt;/field_is_required&gt;&lt;/AddField&gt;&lt;/workflow&gt;&lt;/operationSequence&gt;</Process><Process ToolSource="c:\program files\arcgis\pro\Resources\ArcToolbox\Toolboxes\Data Management Tools.tbx\DeleteField" Date="20250102" Time="220408">DeleteField VA_1936 rawmargin "Delete Fields"</Process><Process ToolSource="c:\program files\arcgis\pro\Resources\ArcToolbox\toolboxes\Data Management Tools.tbx\CopyFeatures" Date="20250108" Time="010211">CopyFeatures VA_1936 "E:\2025 Maps\VA_1936.shp" # # # #</Process></lineage><itemProps><itemLocation><linkage Sync="TRUE">file://\\DESKTOP-KG0AO5E\E$\2025 Maps\VA_1936.shp</linkage><protocol Sync="TRUE">Local Area Network</protocol></itemLocation><itemName Sync="TRUE">VA_1936</itemName><imsContentType Sync="TRUE">002</imsContentType><itemSize Sync="TRUE">0.000</itemSize></itemProps><copyHistory><copy source="G:\data_projects\istads\shape_processing\US_votedist_1990" dest="\\thalia.socsci.umn.edu\popgis\labpcs\data_projects\istads\shape_processing\votedist\US_votedist_1990" date="20130514" time="10273500"></copy></copyHistory><coordRef><type Sync="TRUE">Projected</type><geogcsn Sync="TRUE">GCS_North_American_1983</geogcsn><csUnits Sync="TRUE">Linear Unit: Meter (1.000000)</csUnits><projcsn Sync="TRUE">USA_Contiguous_Albers_Equal_Area_Conic</projcsn><peXml Sync="TRUE">&lt;ProjectedCoordinateSystem xsi:type='typens:ProjectedCoordinateSystem' xmlns:xsi='http://www.w3.org/2001/XMLSchema-instance' xmlns:xs='http://www.w3.org/2001/XMLSchema' xmlns:typens='http://www.esri.com/schemas/ArcGIS/3.2.0'&gt;&lt;WKT&gt;PROJCS[&amp;quot;USA_Contiguous_Albers_Equal_Area_Conic&amp;quot;,GEOGCS[&amp;quot;GCS_North_American_1983&amp;quot;,DATUM[&amp;quot;D_North_American_1983&amp;quot;,SPHEROID[&amp;quot;GRS_1980&amp;quot;,6378137.0,298.257222101]],PRIMEM[&amp;quot;Greenwich&amp;quot;,0.0],UNIT[&amp;quot;Degree&amp;quot;,0.0174532925199433]],PROJECTION[&amp;quot;Albers&amp;quot;],PARAMETER[&amp;quot;False_Easting&amp;quot;,0.0],PARAMETER[&amp;quot;False_Northing&amp;quot;,0.0],PARAMETER[&amp;quot;Central_Meridian&amp;quot;,-96.0],PARAMETER[&amp;quot;Standard_Parallel_1&amp;quot;,29.5],PARAMETER[&amp;quot;Standard_Parallel_2&amp;quot;,45.5],PARAMETER[&amp;quot;Latitude_Of_Origin&amp;quot;,37.5],UNIT[&amp;quot;Meter&amp;quot;,1.0],AUTHORITY[&amp;quot;Esri&amp;quot;,102003]]&lt;/WKT&gt;&lt;XOrigin&gt;-16901100&lt;/XOrigin&gt;&lt;YOrigin&gt;-8579000&lt;/YOrigin&gt;&lt;XYScale&gt;266467840.99085236&lt;/XYScale&gt;&lt;ZOrigin&gt;-100000&lt;/ZOrigin&gt;&lt;ZScale&gt;10000&lt;/ZScale&gt;&lt;MOrigin&gt;-100000&lt;/MOrigin&gt;&lt;MScale&gt;10000&lt;/MScale&gt;&lt;XYTolerance&gt;0.001&lt;/XYTolerance&gt;&lt;ZTolerance&gt;0.001&lt;/ZTolerance&gt;&lt;MTolerance&gt;0.001&lt;/MTolerance&gt;&lt;HighPrecision&gt;true&lt;/HighPrecision&gt;&lt;WKID&gt;102003&lt;/WKID&gt;&lt;LatestWKID&gt;102003&lt;/LatestWKID&gt;&lt;/ProjectedCoordinateSystem&gt;</peXml></coordRef></DataProperties><SyncDate>20250108</SyncDate><SyncTime>01021100</SyncTime></Esri><mdDateSt Sync="TRUE">20250108</mdDateSt><dataIdInfo><envirDesc Sync="TRUE">Microsoft Windows 10 Version 10.0 (Build 22631) ; Esri ArcGIS 13.2.2.49743</envirDesc><dataLang><languageCode value="eng" Sync="TRUE"></languageCode><countryCode value="USA" Sync="TRUE"></countryCode></dataLang><idCitation><resTitle Sync="TRUE">VA_1936</resTitle><presForm><PresFormCd value="005" Sync="TRUE"></PresFormCd></presForm></idCitation><spatRpType><SpatRepTypCd value="001" Sync="TRUE"></SpatRepTypCd></spatRpType></dataIdInfo><mdLang><languageCode value="eng" Sync="TRUE"></languageCode><countryCode value="USA" Sync="TRUE"></countryCode></mdLang><distInfo><distFormat><formatName Sync="TRUE">Shapefile</formatName></distFormat><distTranOps><transSize Sync="TRUE">0.000</transSize></distTranOps></distInfo><mdHrLv><ScopeCd value="005" Sync="TRUE"></ScopeCd></mdHrLv><mdHrLvName Sync="TRUE">dataset</mdHrLvName><refSysInfo><RefSystem><refSysID><identCode code="102003" Sync="TRUE"></identCode><idCodeSpace Sync="TRUE">Esri</idCodeSpace><idVersion Sync="TRUE">4.0.0</idVersion></refSysID></RefSystem></refSysInfo><spatRepInfo><VectSpatRep><geometObjs Name="VA_1936"><geoObjTyp><GeoObjTypCd value="002" Sync="TRUE"></GeoObjTypCd></geoObjTyp><geoObjCnt Sync="TRUE">0</geoObjCnt></geometObjs><topLvl><TopoLevCd value="001" Sync="TRUE"></TopoLevCd></topLvl></VectSpatRep></spatRepInfo></metadata>
